name,birthday,address
Zephania Rivers,1-Feb-09,"Ap #308-6199 Sed, Avenue"
Baxter Wright,15-Apr-95,"P.O. Box 678, 6801 Lorem Road"
Josephine Lancaster,30-Apr-00,Ap #889-4947 Consectetuer Av.
Lillith Robinson,18-Aug-09,"Ap #712-8727 Pede, St."
Hasad Brennan,21-Sep-82,9121 Ultrices Avenue
Jada Sawyer,13-Jul-81,Ap #309-7360 Feugiat St.
Shoshana Padilla,21-May-81,2167 Nec Av.
Barclay Mckay,25-Jun-20,Ap #351-3151 Ipsum. Road
Wallace Davis,7-Jan-02,927-5857 Cursus Rd.
Jonas Mosley,12-Dec-00,"680-332 Vitae, Ave"
Tyrone Sims,5-Aug-08,844-4999 Interdum Street
Keegan Chavez,30-Apr-85,"P.O. Box 318, 981 Amet St."
Halla Price,7-May-91,375-8140 Arcu. Ave
Anne Kim,1-Jul-84,690-1801 Non St.
Hiroko Rogers,9-Oct-10,7699 Est. Street
Justina Weber,16-Mar-16,335-2237 Ante Ave
Tana Pena,27-Mar-92,Ap #256-3313 Sed Road
Winter Mills,15-May-83,6655 Varius Rd.
Norman Oliver,31-Oct-81,430-516 Eu Rd.
Griffith Jarvis,8-Oct-09,"P.O. Box 950, 2751 Mi St."
Axel Harvey,17-Sep-11,Ap #550-3387 Leo St.
Joelle Torres,14-Aug-22,5356 Eget Rd.
Austin Little,15-Apr-92,Ap #154-3455 Enim. Rd.
Garrett Stafford,26-Dec-91,"Ap #538-9933 Laoreet, Avenue"
Clark Callahan,30-Sep-97,"Ap #435-1449 At, Rd."
Galena White,11-Feb-84,Ap #741-6789 Convallis Avenue
Fallon Chang,28-Jul-86,"Ap #305-5410 Enim, St."
Igor Moon,5-Sep-23,"613-901 Id, Rd."
Hadley Marks,11-Nov-15,"Ap #705-7205 Nec, Road"
Julie Barlow,1-Feb-11,130-2052 A Ave
Moses Chen,29-Nov-14,3997 Semper St.
Rajah Bass,5-Sep-13,Ap #102-6617 Semper St.
Ryder Livingston,11-Sep-10,"213-2955 Dui, Ave"
Lenore Romero,23-Nov-15,165-6621 Lectus Ave
Lysandra Spencer,3-Aug-05,"706-5443 Lorem, St."
Kameko Austin,31-Mar-18,639-3373 Luctus Rd.
Thane Johnson,24-Mar-85,1203 Mauris Av.
Athena Clarke,24-Jan-10,413-7671 At Rd.
Igor Freeman,25-May-16,Ap #993-3926 Pede Rd.
Christen Francis,22-Apr-05,"P.O. Box 706, 8756 Eu Rd."
Cassady Sims,17-Oct-02,"Ap #111-2393 Leo, Av."
Ivy Lane,23-Jan-13,Ap #199-1218 Non Rd.
Acton Patrick,28-Aug-05,"P.O. Box 714, 7293 Fringilla Rd."
Chaim Carpenter,13-Jan-20,Ap #457-6181 Morbi Road
Cassady Knight,22-Jan-18,Ap #200-9027 Posuere Avenue
Kennedy Sears,30-Oct-21,640-3331 Dolor. Av.
Ava Silva,24-Feb-14,9242 Euismod Rd.
Kenyon Alston,20-Apr-18,Ap #247-8736 Mus. St.
Marsden Greene,27-May-07,"P.O. Box 303, 538 Fames Av."
Felicia Carlson,16-Sep-09,Ap #159-5703 At Av.
